contact_id,account_id,role,is_primary,created_at
1,10001,user,False,2024-01-23
2,10002,user,False,2025-09-09
3,10002,admin,True,2025-07-03
4,10002,executive,False,2024-02-04
5,10002,executive,False,2024-02-06
6,10003,user,True,2025-07-26
7,10003,buyer,False,2024-10-27
8,10003,admin,False,2024-06-14
9,10004,admin,True,2024-07-25
10,10005,admin,False,2024-01-14
11,10005,user,False,2024-05-27
12,10005,admin,True,2024-08-16
13,10005,user,False,2024-04-16
14,10006,user,False,2024-08-27
15,10006,executive,True,2024-10-09
16,10006,executive,False,2024-04-08
17,10006,executive,False,2025-09-07
18,10007,user,True,2024-12-15
19,10007,user,False,2025-02-07
20,10007,user,False,2024-12-08
21,10007,executive,True,2024-01-11
22,10008,user,False,2025-01-15
23,10008,buyer,False,2024-08-02
24,10008,user,True,2024-01-09
25,10008,user,False,2024-01-01
26,10009,buyer,False,2025-06-23
27,10009,user,True,2024-06-11
28,10010,executive,False,2024-08-31
29,10010,admin,False,2025-02-04
30,10010,buyer,True,2024-07-26
31,10010,user,False,2024-06-06
32,10011,user,False,2025-05-07
33,10011,buyer,True,2025-09-09
34,10012,admin,False,2025-03-26
35,10012,admin,False,2024-06-14
36,10012,admin,True,2024-10-28
37,10013,user,False,2025-02-05
38,10013,user,False,2024-06-10
39,10013,user,True,2024-12-01
40,10013,buyer,False,2024-11-05
41,10014,admin,False,2024-10-25
42,10015,executive,True,2024-09-02
43,10015,user,False,2024-01-11
44,10015,user,False,2024-11-05
45,10016,user,True,2024-04-13
46,10016,user,False,2025-02-06
47,10016,user,False,2025-08-26
48,10016,executive,True,2024-03-20
49,10017,user,False,2024-01-17
50,10017,admin,False,2025-04-14
51,10018,admin,True,2025-01-26
52,10019,buyer,False,2024-05-12
53,10019,buyer,False,2024-04-17
54,10020,user,True,2024-09-18
55,10021,user,False,2025-08-03
56,10021,admin,False,2025-06-15
57,10021,executive,True,2024-07-11
58,10022,buyer,False,2024-02-27
59,10022,executive,False,2025-01-04
60,10023,buyer,True,2025-06-27
61,10023,buyer,False,2025-03-09
62,10023,user,False,2024-11-14
63,10023,admin,True,2024-01-21
64,10024,admin,False,2025-02-03
65,10024,user,False,2024-02-03
66,10025,user,True,2025-08-21
67,10025,user,False,2025-06-16
68,10026,admin,False,2025-05-17
69,10026,user,True,2024-07-13
70,10027,user,False,2024-12-28
71,10028,executive,False,2024-08-16
72,10028,executive,True,2025-07-24
73,10028,admin,False,2025-01-14
74,10028,user,False,2025-08-28
75,10029,user,True,2024-10-01
76,10030,buyer,False,2024-08-10
77,10030,admin,False,2025-10-07
78,10031,user,True,2025-06-25
79,10032,user,False,2025-03-30
80,10032,buyer,False,2024-12-04
81,10032,user,True,2025-02-03
82,10032,user,False,2024-05-16
83,10033,user,False,2024-05-08
84,10033,user,True,2025-10-06
85,10034,user,False,2024-06-21
86,10034,user,False,2024-07-08
87,10034,user,True,2025-08-22
88,10035,user,False,2024-04-20
89,10035,executive,False,2025-07-04
90,10035,buyer,True,2024-06-01
91,10035,user,False,2025-06-13
92,10036,executive,False,2024-10-21
93,10037,user,True,2024-09-13
94,10038,admin,False,2024-03-09
95,10038,user,False,2025-03-24
96,10038,buyer,True,2024-09-14
97,10039,user,False,2024-06-08
98,10039,user,False,2024-09-11
99,10039,admin,True,2025-08-04
100,10040,user,False,2025-01-08
101,10040,user,False,2025-01-03
102,10040,buyer,True,2024-10-17
103,10041,user,False,2024-11-02
104,10041,user,False,2024-03-20
105,10042,user,True,2025-03-27
106,10042,buyer,False,2025-04-29
107,10043,user,False,2025-06-04
108,10043,admin,True,2024-02-26
109,10043,buyer,False,2025-01-13
110,10044,admin,False,2025-04-25
111,10044,user,True,2024-04-21
112,10044,user,False,2024-06-14
113,10044,executive,False,2024-09-09
114,10045,user,True,2024-06-01
115,10045,user,False,2025-10-03
116,10046,user,False,2024-04-17
117,10047,buyer,True,2024-01-21
118,10047,user,False,2025-07-07
119,10047,user,False,2025-03-23
120,10048,user,True,2024-09-09
121,10049,user,False,2025-04-06
122,10049,user,False,2024-07-21
123,10049,admin,True,2024-05-29
124,10050,executive,False,2025-02-21
125,10050,admin,False,2024-07-14
126,10050,admin,True,2024-06-11
127,10051,admin,False,2025-07-13
128,10052,executive,False,2024-11-23
129,10052,admin,True,2024-10-01
130,10053,user,False,2025-08-22
131,10053,buyer,False,2025-06-08
132,10053,buyer,True,2024-10-05
133,10054,user,False,2025-07-01
134,10055,admin,False,2024-04-13
135,10055,user,True,2024-09-12
136,10055,admin,False,2025-04-04
137,10055,user,False,2024-07-13
138,10056,admin,True,2024-08-05
139,10057,admin,False,2024-10-26
140,10057,user,False,2024-06-15
141,10057,user,True,2025-04-04
142,10058,user,False,2024-03-01
143,10058,admin,False,2024-05-18
144,10058,buyer,True,2025-05-12
145,10058,user,False,2024-04-25
146,10059,admin,False,2025-05-16
147,10060,admin,True,2025-09-06
148,10060,user,False,2024-05-26
149,10061,admin,False,2025-06-28
150,10061,user,True,2024-09-20
151,10061,user,False,2025-06-02
152,10062,user,False,2025-03-29
153,10062,user,True,2024-10-10
154,10062,executive,False,2025-02-28
155,10063,buyer,False,2024-03-06
156,10063,admin,True,2025-01-19
157,10063,buyer,False,2025-09-06
158,10064,user,False,2025-03-14
159,10065,admin,True,2025-10-06
160,10065,user,False,2024-05-22
161,10065,admin,False,2025-07-30
162,10065,user,True,2025-01-26
163,10066,user,False,2024-12-26
164,10066,admin,False,2024-11-30
165,10067,admin,True,2024-03-28
166,10067,admin,False,2024-03-01
167,10067,buyer,False,2025-02-18
168,10068,user,True,2024-05-20
169,10068,user,False,2025-04-08
170,10069,executive,False,2024-10-22
171,10069,user,True,2024-09-07
172,10069,admin,False,2024-10-25
173,10070,executive,False,2025-06-09
174,10070,user,True,2025-07-04
175,10070,user,False,2025-07-06
176,10071,user,False,2025-05-04
177,10071,executive,True,2025-05-15
178,10072,admin,False,2024-11-16
179,10073,admin,False,2025-01-22
180,10073,admin,True,2025-02-19
181,10074,user,False,2025-06-02
182,10074,admin,False,2024-04-29
183,10075,user,True,2024-01-30
184,10076,admin,False,2025-03-26
185,10077,user,False,2024-01-19
186,10077,buyer,True,2025-05-13
187,10078,buyer,False,2024-03-11
188,10078,buyer,False,2025-08-23
189,10078,user,True,2025-01-31
190,10079,executive,False,2025-09-25
191,10080,user,False,2024-02-06
192,10080,admin,True,2024-10-29
193,10080,user,False,2024-12-05
194,10080,admin,False,2025-04-23
195,10081,user,True,2024-10-20
196,10081,user,False,2025-05-07
197,10081,user,False,2025-03-20
198,10081,user,True,2024-11-17
199,10082,buyer,False,2025-02-01
200,10082,user,False,2024-01-30
201,10083,buyer,True,2024-10-08
202,10083,admin,False,2025-05-07
203,10084,user,False,2025-07-29
204,10085,admin,True,2024-02-19
205,10086,buyer,False,2025-02-08
206,10086,buyer,False,2024-09-04
207,10086,user,True,2024-09-24
208,10086,user,False,2024-07-27
209,10087,user,False,2025-09-02
210,10087,buyer,True,2024-05-09
211,10088,buyer,False,2025-09-28
212,10088,user,False,2024-09-26
213,10088,buyer,True,2024-12-06
214,10089,buyer,False,2025-06-26
215,10090,buyer,False,2025-02-27
216,10091,executive,True,2024-05-25
217,10091,user,False,2024-01-24
218,10091,buyer,False,2024-01-11
219,10092,admin,True,2025-08-22
220,10093,admin,False,2024-03-18
221,10094,buyer,False,2024-08-02
222,10094,admin,True,2024-12-09
223,10095,admin,False,2024-04-15
224,10096,buyer,False,2024-12-23
225,10096,user,True,2024-08-03
226,10097,admin,False,2024-11-16
227,10098,admin,False,2025-04-04
228,10098,admin,True,2024-03-23
229,10098,executive,False,2025-01-05
230,10098,user,False,2025-02-05
231,10099,admin,True,2025-10-03
232,10099,executive,False,2024-09-19
233,10099,user,False,2024-05-12
234,10100,buyer,True,2024-09-30
235,10100,executive,False,2024-07-18
236,10100,executive,False,2024-04-06
237,10101,user,True,2024-09-03
238,10101,executive,False,2025-01-20
239,10102,executive,False,2024-09-12
240,10103,user,True,2025-07-21
241,10103,user,False,2024-04-06
242,10103,user,False,2024-03-17
243,10104,admin,True,2025-06-18
244,10104,user,False,2024-06-07
245,10105,user,False,2024-01-23
246,10105,executive,True,2024-12-26
247,10105,admin,False,2024-01-05
248,10105,user,False,2025-01-27
249,10106,user,True,2024-06-14
250,10107,user,False,2024-11-04
251,10107,user,False,2024-08-25
252,10107,user,True,2025-01-10
253,10108,user,False,2025-04-11
254,10109,user,False,2025-05-26
255,10109,buyer,True,2024-11-02
256,10109,admin,False,2025-08-17
257,10109,admin,False,2024-06-08
258,10110,admin,True,2025-10-03
259,10111,admin,False,2025-06-13
260,10112,buyer,False,2024-07-03
261,10112,buyer,True,2024-12-16
262,10112,executive,False,2025-06-02
263,10113,admin,False,2025-07-22
264,10113,user,True,2024-05-02
265,10113,executive,False,2024-04-06
266,10114,buyer,False,2024-12-02
267,10114,admin,True,2024-12-06
268,10114,admin,False,2024-01-08
269,10114,executive,False,2024-04-05
270,10115,executive,True,2025-08-15
271,10115,user,False,2024-03-06
272,10115,admin,False,2025-08-25
273,10115,buyer,True,2024-12-18
274,10116,user,False,2024-07-03
275,10116,admin,False,2024-06-14
276,10116,user,True,2024-10-31
277,10116,admin,False,2024-06-18
278,10117,user,False,2024-09-17
279,10117,user,True,2025-06-16
280,10117,user,False,2024-05-21
281,10117,user,False,2025-04-10
282,10118,admin,True,2025-02-02
283,10119,user,False,2024-03-05
284,10119,admin,False,2025-04-29
285,10119,admin,True,2024-06-05
286,10120,admin,False,2024-12-22
287,10120,user,False,2025-01-27
288,10120,user,True,2025-05-29
289,10120,buyer,False,2025-08-16
290,10121,user,False,2024-02-02
291,10121,user,True,2024-11-03
292,10121,admin,False,2025-07-09
293,10122,admin,False,2025-02-06
294,10122,user,True,2025-06-22
295,10122,admin,False,2024-07-01
296,10122,admin,False,2025-04-29
297,10123,user,True,2025-05-18
298,10123,admin,False,2024-08-03
299,10124,user,False,2024-06-16
300,10125,user,True,2024-11-13
301,10125,user,False,2025-05-10
302,10126,user,False,2024-06-30
303,10126,executive,True,2024-06-10
304,10126,buyer,False,2024-02-29
305,10127,buyer,False,2024-06-01
306,10127,user,True,2025-01-20
307,10128,user,False,2024-04-23
308,10128,admin,False,2024-07-23
309,10129,user,True,2024-06-22
310,10129,user,False,2025-02-20
311,10130,user,False,2024-09-02
312,10130,admin,True,2024-02-11
313,10131,executive,False,2024-05-29
314,10131,user,False,2025-04-11
315,10132,admin,True,2024-07-15
316,10132,user,False,2024-04-29
317,10132,buyer,False,2024-06-02
318,10133,user,True,2024-10-16
319,10133,user,False,2024-10-17
320,10133,executive,False,2024-04-24
321,10133,user,True,2024-10-26
322,10134,admin,False,2025-08-20
323,10134,user,False,2024-11-13
324,10134,user,True,2024-03-04
325,10135,user,False,2025-05-23
326,10136,user,False,2024-11-18
327,10136,admin,True,2025-07-02
328,10136,admin,False,2024-05-20
329,10136,user,False,2025-06-05
330,10137,admin,True,2024-04-16
331,10137,buyer,False,2025-07-27
332,10138,buyer,False,2024-10-16
333,10139,user,True,2024-04-28
334,10139,buyer,False,2024-07-24
335,10139,executive,False,2024-01-11
336,10140,user,True,2025-06-14
337,10141,executive,False,2025-07-18
338,10142,user,False,2024-08-07
339,10142,user,True,2025-05-17
340,10142,admin,False,2024-06-22
341,10143,user,False,2024-03-15
342,10144,user,True,2025-05-22
343,10144,buyer,False,2025-08-27
344,10145,buyer,False,2025-04-29
345,10146,executive,True,2024-09-10
346,10146,executive,False,2025-07-22
347,10146,user,False,2024-09-10
348,10147,user,True,2025-08-09
349,10147,admin,False,2024-01-31
350,10147,buyer,False,2025-02-06
351,10147,admin,True,2024-06-16
352,10148,admin,False,2025-09-11
353,10148,executive,False,2025-04-03
354,10148,user,True,2025-05-09
355,10148,user,False,2025-01-11
356,10149,user,False,2024-10-12
357,10149,executive,True,2024-05-01
358,10150,admin,False,2024-07-15
359,10150,user,False,2025-01-21
360,10151,buyer,True,2024-11-04
361,10151,admin,False,2025-02-15
362,10151,user,False,2025-06-11
363,10152,admin,True,2025-02-27
364,10152,buyer,False,2024-04-15
365,10153,buyer,False,2024-08-03
366,10153,admin,True,2025-03-20
367,10153,user,False,2024-05-05
368,10153,admin,False,2025-02-09
369,10154,executive,True,2024-03-21
370,10154,executive,False,2024-10-04
371,10154,admin,False,2025-03-25
372,10155,user,True,2024-11-24
373,10156,user,False,2024-12-31
374,10156,user,False,2024-02-06
375,10156,buyer,True,2024-01-11
376,10156,admin,False,2024-07-16
377,10157,admin,False,2025-10-09
378,10157,user,True,2024-09-20
379,10158,user,False,2024-02-13
380,10158,user,False,2025-04-07
381,10158,admin,True,2024-08-06
382,10159,user,False,2024-07-14
383,10160,admin,False,2024-09-14
384,10160,buyer,True,2024-04-30
385,10161,admin,False,2024-02-15
386,10162,buyer,False,2025-08-18
387,10162,executive,True,2024-03-19
388,10162,admin,False,2025-09-18
389,10162,user,False,2024-02-20
390,10163,user,True,2024-05-30
391,10163,admin,False,2024-03-03
392,10163,admin,False,2025-06-05
393,10164,executive,True,2025-03-04
394,10164,user,False,2025-03-12
395,10164,executive,False,2024-11-06
396,10165,admin,True,2024-03-24
397,10165,buyer,False,2025-07-17
398,10165,admin,False,2024-01-25
399,10166,executive,True,2025-05-08
400,10166,user,False,2024-06-16
401,10166,admin,False,2024-01-18
402,10167,admin,True,2025-09-02
403,10168,user,False,2024-04-03
404,10168,buyer,False,2024-04-03
405,10168,admin,True,2025-01-29
406,10169,user,False,2024-11-12
407,10170,user,False,2025-05-08
408,10170,user,True,2024-09-09
409,10170,admin,False,2025-01-02
410,10171,executive,False,2024-12-15
411,10172,executive,True,2025-06-12
412,10172,user,False,2025-08-18
413,10172,executive,False,2025-07-05
414,10172,admin,True,2024-09-27
415,10173,admin,False,2024-02-10
416,10174,buyer,False,2024-03-02
417,10174,user,True,2025-09-22
418,10174,user,False,2025-05-28
419,10174,admin,False,2025-07-08
420,10175,buyer,True,2025-02-01
421,10175,buyer,False,2024-01-09
422,10175,buyer,False,2025-06-27
423,10176,user,True,2024-01-22
424,10176,user,False,2025-05-08
425,10177,user,False,2024-03-31
426,10178,admin,True,2025-03-16
427,10178,user,False,2024-08-12
428,10178,buyer,False,2024-11-10
429,10178,admin,True,2024-03-26
430,10179,admin,False,2024-11-30
431,10179,admin,False,2024-04-16
432,10179,executive,True,2024-06-06
433,10180,buyer,False,2025-04-11
434,10180,user,False,2024-07-28
435,10181,executive,True,2024-12-31
436,10181,buyer,False,2024-03-26
437,10181,user,False,2024-03-15
438,10181,buyer,True,2024-07-02
439,10182,user,False,2024-07-15
440,10182,executive,False,2024-11-03
441,10182,user,True,2024-09-25
442,10182,user,False,2024-06-25
443,10183,user,False,2024-01-25
444,10183,admin,True,2025-06-10
445,10183,user,False,2024-07-19
446,10184,admin,False,2024-01-28
447,10185,admin,True,2025-03-28
448,10186,buyer,False,2024-11-06
449,10187,admin,False,2024-05-28
450,10188,executive,True,2025-05-11
451,10188,admin,False,2025-09-01
452,10188,user,False,2025-09-15
453,10188,user,True,2025-03-24
454,10189,user,False,2024-12-26
455,10189,user,False,2025-06-16
456,10189,user,True,2024-04-02
457,10190,admin,False,2025-02-16
458,10190,admin,False,2025-03-08
459,10191,admin,True,2024-06-28
460,10192,user,False,2024-05-03
461,10193,buyer,False,2025-02-12
462,10194,buyer,True,2024-02-28
463,10195,user,False,2024-08-17
464,10195,user,False,2024-12-20
465,10196,user,True,2024-01-07
466,10196,user,False,2025-09-20
467,10197,user,False,2024-11-19
468,10197,admin,True,2024-03-29
469,10197,buyer,False,2025-09-04
470,10197,admin,False,2025-07-19
471,10198,user,True,2024-08-06
472,10198,admin,False,2024-01-31
473,10198,admin,False,2024-11-02
474,10198,admin,True,2025-01-24
475,10199,executive,False,2025-08-29
476,10200,user,False,2024-12-20
477,10200,buyer,True,2024-11-11
478,10200,user,False,2024-02-11
479,10201,admin,False,2024-03-07
480,10201,buyer,True,2024-07-31
481,10201,buyer,False,2024-01-09
482,10201,user,False,2024-04-02
483,10202,user,True,2024-05-10
484,10202,buyer,False,2025-07-04
485,10202,user,False,2025-07-30
486,10202,admin,True,2024-11-25
487,10203,admin,False,2025-09-05
488,10204,admin,False,2024-01-18
489,10204,buyer,True,2024-05-01
490,10204,user,False,2024-08-16
491,10205,buyer,False,2025-07-28
492,10205,user,True,2024-05-01
493,10205,user,False,2024-08-09
494,10206,admin,False,2024-04-12
495,10206,user,True,2024-10-20
496,10207,user,False,2024-03-30
497,10207,user,False,2025-01-18
498,10207,buyer,True,2025-08-01
499,10208,admin,False,2025-08-04
500,10209,buyer,False,2024-05-10
501,10210,buyer,True,2025-01-02
502,10210,user,False,2024-12-30
503,10211,user,False,2025-03-16
504,10211,buyer,True,2024-04-25
505,10211,user,False,2024-08-13
506,10212,buyer,False,2025-01-22
507,10212,buyer,True,2025-01-16
508,10212,user,False,2025-03-27
509,10212,admin,False,2024-08-29
510,10213,user,True,2024-12-09
511,10213,user,False,2024-01-24
512,10214,user,False,2024-04-16
513,10215,admin,True,2024-10-02
514,10215,executive,False,2024-12-08
515,10215,executive,False,2024-10-22
516,10216,user,True,2024-07-05
517,10217,user,False,2025-08-22
518,10217,admin,False,2024-12-31
519,10218,user,True,2025-09-02
520,10218,buyer,False,2025-09-05
521,10218,admin,False,2025-07-25
522,10219,user,True,2024-06-05
523,10220,admin,False,2024-06-09
524,10220,executive,False,2025-04-26
525,10220,admin,True,2025-04-19
526,10220,user,False,2024-03-12
527,10221,admin,False,2025-02-25
528,10221,user,True,2024-10-13
529,10222,executive,False,2024-02-02
530,10222,user,False,2025-07-24
531,10222,user,True,2024-08-27
532,10223,user,False,2025-04-15
533,10223,user,False,2024-03-06
534,10224,user,True,2024-03-28
535,10224,admin,False,2024-11-03
536,10224,admin,False,2024-07-13
537,10224,user,True,2024-02-11
538,10225,admin,False,2024-02-12
539,10225,user,False,2025-07-06
540,10225,buyer,True,2024-06-26
541,10225,buyer,False,2025-03-04
542,10226,user,False,2024-04-10
543,10226,admin,True,2025-07-21
544,10227,executive,False,2024-10-05
545,10227,user,False,2025-06-18
546,10227,user,True,2025-08-08
547,10227,admin,False,2025-10-01
548,10228,user,False,2024-02-19
549,10228,buyer,True,2024-10-15
550,10228,admin,False,2024-07-28
551,10229,admin,False,2025-01-22
552,10229,admin,True,2024-01-31
553,10229,buyer,False,2024-01-27
554,10230,buyer,False,2025-07-25
555,10231,user,True,2025-03-17
556,10232,user,False,2024-08-01
557,10232,user,False,2025-06-12
558,10233,admin,True,2024-01-20
559,10233,executive,False,2024-01-23
560,10233,user,False,2024-07-11
561,10234,executive,True,2024-01-21
562,10234,user,False,2024-01-14
563,10234,buyer,False,2024-11-02
564,10234,admin,True,2025-05-28
565,10235,user,False,2024-07-06
566,10235,user,False,2024-02-15
567,10236,buyer,True,2024-11-10
568,10236,executive,False,2024-07-20
569,10236,buyer,False,2024-11-23
570,10237,user,True,2024-10-31
571,10237,user,False,2024-09-23
572,10238,user,False,2024-10-08
573,10238,executive,True,2024-04-22
574,10238,user,False,2025-08-28
575,10239,user,False,2024-10-14
576,10239,user,True,2025-08-10
577,10240,user,False,2024-05-09
578,10240,user,False,2025-05-02
579,10240,user,True,2025-05-29
580,10241,user,False,2024-07-10
581,10242,admin,False,2025-09-13
582,10242,user,True,2025-07-10
583,10242,admin,False,2025-01-06
584,10243,user,False,2025-05-01
585,10243,buyer,True,2025-05-07
586,10243,user,False,2025-08-08
587,10243,user,False,2024-09-26
588,10244,user,True,2024-01-01
589,10244,user,False,2024-01-20
590,10245,user,False,2024-10-06
591,10245,user,True,2025-06-10
592,10245,admin,False,2024-12-03
593,10246,user,False,2024-03-21
594,10246,executive,True,2025-10-04
595,10246,executive,False,2025-08-02
596,10246,user,False,2025-05-05
597,10247,user,True,2024-04-21
598,10247,user,False,2024-12-09
599,10247,user,False,2024-12-04
600,10247,admin,True,2025-01-22
601,10248,user,False,2025-10-06
602,10248,admin,False,2024-10-08
603,10249,user,True,2024-04-09
604,10249,user,False,2024-11-11
605,10249,admin,False,2024-02-01
606,10249,user,True,2024-01-03
607,10250,user,False,2024-07-12
608,10251,admin,False,2025-04-08
609,10251,admin,True,2025-01-19
610,10251,buyer,False,2024-08-09
611,10251,user,False,2025-07-31
612,10252,admin,True,2025-07-29
613,10252,buyer,False,2025-02-28
614,10252,user,False,2024-11-02
615,10253,admin,True,2025-10-10
616,10253,user,False,2024-10-25
617,10253,user,False,2025-07-15
618,10253,buyer,True,2024-04-06
619,10254,buyer,False,2024-01-26
620,10254,user,False,2025-06-03
621,10254,executive,True,2024-11-28
622,10255,user,False,2024-12-05
623,10255,user,False,2025-04-07
624,10255,executive,True,2025-07-31
625,10256,executive,False,2024-07-27
626,10257,user,False,2024-01-11
627,10257,user,True,2024-11-09
628,10257,buyer,False,2024-04-26
629,10257,admin,False,2025-05-10
630,10258,buyer,True,2024-07-18
631,10259,buyer,False,2024-07-28
632,10259,user,False,2024-10-01
633,10260,user,True,2024-04-10
634,10260,user,False,2024-02-17
635,10261,buyer,False,2025-05-29
636,10261,user,True,2024-09-16
637,10261,user,False,2025-08-17
638,10262,user,False,2024-09-10
639,10262,user,True,2024-09-09
640,10262,user,False,2024-07-09
641,10262,buyer,False,2024-05-29
642,10263,admin,True,2024-06-19
643,10263,executive,False,2024-01-29
644,10263,user,False,2025-04-27
645,10263,executive,True,2025-07-27
646,10264,buyer,False,2024-10-11
647,10265,user,False,2024-03-25
648,10265,admin,True,2024-10-13
649,10266,admin,False,2024-11-21
650,10266,admin,False,2024-04-03
651,10266,admin,True,2024-06-12
652,10266,user,False,2024-05-26
653,10267,user,False,2024-07-31
654,10267,user,True,2025-08-18
655,10268,user,False,2024-10-13
656,10268,admin,False,2024-08-25
657,10268,buyer,True,2024-07-03
658,10269,user,False,2024-06-08
659,10269,buyer,False,2024-06-29
660,10269,user,True,2024-09-18
661,10269,user,False,2025-03-10
662,10270,user,False,2025-07-29
663,10270,user,True,2024-04-03
664,10270,admin,False,2024-05-03
665,10270,executive,False,2024-12-01
666,10271,buyer,True,2024-11-03
667,10271,admin,False,2025-01-17
668,10271,user,False,2024-02-17
669,10272,user,True,2024-11-23
670,10273,admin,False,2025-04-08
671,10273,user,False,2024-01-20
672,10273,admin,True,2024-10-12
673,10274,user,False,2024-06-29
674,10275,buyer,False,2024-06-26
675,10275,user,True,2024-06-09
676,10276,admin,False,2024-07-12
677,10276,buyer,False,2024-12-17
678,10276,buyer,True,2024-05-12
679,10276,admin,False,2024-11-22
680,10277,buyer,False,2025-03-14
681,10278,admin,True,2024-05-23
682,10278,executive,False,2024-05-18
683,10278,user,False,2024-06-08
684,10278,admin,True,2025-03-17
685,10279,admin,False,2024-09-29
686,10279,admin,False,2025-09-22
687,10280,user,True,2025-07-28
688,10280,user,False,2024-08-21
689,10281,buyer,False,2024-07-11
690,10281,user,True,2025-05-24
691,10281,buyer,False,2025-07-24
692,10282,admin,False,2025-01-06
693,10282,admin,True,2024-02-10
694,10282,admin,False,2025-04-24
695,10282,buyer,False,2025-04-17
696,10283,admin,True,2025-05-09
697,10283,buyer,False,2024-03-02
698,10284,user,False,2025-09-10
699,10284,buyer,True,2025-03-21
700,10285,user,False,2025-02-09
701,10286,user,False,2024-06-03
702,10287,buyer,True,2024-07-03
703,10287,admin,False,2024-07-13
704,10287,admin,False,2024-01-26
705,10287,user,True,2024-10-06
706,10288,user,False,2024-06-07
707,10289,admin,False,2025-03-20
708,10289,admin,True,2025-03-05
709,10289,user,False,2024-08-03
710,10289,buyer,False,2025-07-27
711,10290,user,True,2024-04-29
712,10290,executive,False,2025-05-07
713,10290,user,False,2025-07-31
714,10291,user,True,2024-09-04
715,10291,user,False,2025-04-19
716,10291,executive,False,2025-01-17
717,10291,user,True,2024-11-04
718,10292,user,False,2024-11-30
719,10292,buyer,False,2025-04-14
720,10292,user,True,2025-06-16
721,10293,admin,False,2025-09-17
722,10293,user,False,2024-03-06
723,10293,executive,True,2025-05-06
724,10293,executive,False,2024-10-18
725,10294,user,False,2025-08-10
726,10294,executive,True,2024-04-18
727,10294,admin,False,2024-11-04
728,10295,user,False,2025-05-31
729,10295,admin,True,2024-10-13
730,10295,admin,False,2024-01-18
731,10296,user,False,2024-01-10
732,10296,user,True,2024-02-28
733,10296,admin,False,2025-07-13
734,10296,buyer,False,2025-07-23
735,10297,admin,True,2024-05-10
736,10297,user,False,2025-05-07
737,10297,user,False,2024-10-19
738,10298,buyer,True,2024-10-28
739,10298,admin,False,2024-07-02
740,10298,executive,False,2024-06-29
741,10299,executive,True,2024-04-17
742,10300,admin,False,2024-07-31
743,10300,admin,False,2025-06-06
744,10301,user,True,2025-06-25
745,10302,buyer,False,2024-05-24
746,10302,user,False,2025-03-06
747,10302,executive,True,2024-08-28
748,10303,user,False,2025-03-06
749,10303,user,False,2025-06-15
750,10303,user,True,2024-11-20
751,10303,admin,False,2025-04-02
752,10304,executive,False,2025-05-07
753,10304,admin,True,2024-11-15
754,10304,executive,False,2025-06-27
755,10304,admin,False,2024-08-19
756,10305,executive,True,2024-05-06
757,10305,admin,False,2025-09-16
758,10305,buyer,False,2025-02-07
759,10306,admin,True,2025-03-22
760,10306,admin,False,2024-07-30
761,10306,admin,False,2024-03-06
762,10307,user,True,2024-12-19
763,10307,user,False,2025-02-25
764,10307,buyer,False,2024-01-10
765,10308,admin,True,2024-06-26
766,10308,buyer,False,2024-05-14
767,10309,admin,False,2024-04-25
768,10309,admin,True,2024-10-21
769,10309,user,False,2025-03-08
770,10310,user,False,2025-08-31
771,10310,user,True,2025-06-30
772,10310,user,False,2024-03-30
773,10311,buyer,False,2024-02-10
774,10312,buyer,True,2024-09-10
775,10312,admin,False,2024-04-04
776,10313,user,False,2025-02-15
777,10313,user,True,2025-05-14
778,10313,user,False,2024-12-28
779,10314,user,False,2024-08-26
780,10315,admin,True,2024-03-25
781,10315,executive,False,2024-08-01
782,10315,user,False,2025-02-02
783,10316,user,True,2025-05-24
784,10316,user,False,2024-09-25
785,10317,buyer,False,2024-07-07
786,10317,user,True,2025-10-02
787,10318,user,False,2024-10-10
788,10319,user,False,2025-07-14
789,10319,user,True,2025-02-21
790,10320,executive,False,2025-01-30
791,10321,user,False,2024-11-26
792,10321,user,True,2024-12-01
793,10321,buyer,False,2024-06-02
794,10321,buyer,False,2024-11-25
795,10322,buyer,True,2025-07-04
796,10322,user,False,2024-09-11
797,10323,user,False,2024-05-22
798,10323,buyer,True,2025-03-12
799,10324,admin,False,2024-01-11
800,10324,admin,False,2024-11-01
801,10324,user,True,2024-01-06
802,10325,executive,False,2024-12-26
803,10325,user,False,2024-07-29
804,10326,user,True,2024-06-16
805,10327,buyer,False,2024-10-30
806,10327,admin,False,2024-04-16
807,10327,admin,True,2024-03-13
808,10328,buyer,False,2025-10-11
809,10328,admin,False,2024-04-11
810,10328,admin,True,2025-09-11
811,10329,user,False,2024-09-29
812,10329,executive,False,2024-10-30
813,10329,user,True,2025-04-08
814,10329,executive,False,2024-05-27
815,10330,executive,False,2024-02-26
816,10331,executive,True,2024-10-01
817,10331,admin,False,2024-06-14
818,10331,user,False,2024-11-10
819,10331,user,True,2024-12-01
820,10332,user,False,2025-08-24
821,10332,buyer,False,2024-01-25
822,10332,admin,True,2024-09-17
823,10332,admin,False,2024-10-06
824,10333,user,False,2025-05-07
825,10334,user,True,2024-03-09
826,10334,user,False,2024-08-31
827,10334,user,False,2024-10-25
828,10335,user,True,2025-03-26
829,10335,user,False,2025-06-16
830,10335,user,False,2025-06-12
831,10335,buyer,True,2025-07-16
832,10336,buyer,False,2024-09-14
833,10336,user,False,2025-08-21
834,10336,user,True,2024-12-20
835,10337,admin,False,2024-10-06
836,10337,user,False,2024-04-23
837,10337,executive,True,2024-08-12
838,10337,admin,False,2024-07-23
839,10338,user,False,2025-04-30
840,10338,admin,True,2025-06-22
841,10338,executive,False,2025-02-27
842,10339,user,False,2024-06-02
843,10339,admin,True,2024-11-27
844,10339,user,False,2024-02-15
845,10340,buyer,False,2024-07-07
846,10340,user,True,2025-02-25
847,10341,admin,False,2024-03-01
848,10341,admin,False,2025-06-16
849,10341,user,True,2024-05-04
850,10341,admin,False,2024-05-18
851,10342,admin,False,2025-04-28
852,10342,user,True,2024-02-29
853,10342,buyer,False,2024-03-15
854,10342,executive,False,2024-10-03
855,10343,user,True,2025-09-05
856,10343,admin,False,2024-01-31
857,10343,executive,False,2025-01-20
858,10344,admin,True,2025-09-07
859,10345,buyer,False,2024-09-14
860,10346,user,False,2024-03-25
861,10346,admin,True,2025-08-28
862,10346,admin,False,2024-08-12
863,10347,admin,False,2024-11-19
864,10347,buyer,True,2024-02-15
865,10348,executive,False,2025-01-07
866,10349,user,False,2025-04-10
867,10350,admin,True,2025-02-10
868,10351,admin,False,2025-02-28
869,10352,user,False,2025-09-20
870,10353,admin,True,2025-01-22
871,10353,user,False,2024-10-13
872,10353,admin,False,2024-01-06
873,10354,admin,True,2024-10-09
874,10354,user,False,2024-05-23
875,10355,executive,False,2025-10-05
876,10356,buyer,True,2025-09-28
877,10356,admin,False,2025-06-30
878,10356,admin,False,2024-07-29
879,10356,admin,True,2025-03-10
880,10357,buyer,False,2025-04-11
881,10358,admin,False,2025-02-23
882,10358,buyer,True,2025-04-10
883,10359,admin,False,2025-07-07
884,10359,user,False,2025-01-03
885,10359,user,True,2024-04-29
886,10359,admin,False,2024-09-22
887,10360,user,False,2024-07-05
888,10361,admin,True,2024-05-03
889,10361,admin,False,2025-08-27
890,10362,user,False,2025-01-02
891,10362,admin,True,2025-06-12
892,10363,admin,False,2024-07-29
893,10363,admin,False,2025-04-13
894,10364,buyer,True,2024-05-05
895,10364,executive,False,2025-04-21
896,10364,executive,False,2025-06-01
897,10364,user,True,2025-03-29
898,10365,user,False,2025-02-24
899,10365,user,False,2025-08-11
900,10365,buyer,True,2025-05-16
901,10366,user,False,2025-06-11
902,10366,buyer,False,2024-03-21
903,10366,buyer,True,2025-06-17
904,10367,buyer,False,2024-01-28
905,10367,buyer,False,2025-06-18
906,10367,user,True,2025-03-27
907,10367,executive,False,2024-03-28
908,10368,admin,False,2024-11-08
909,10368,admin,True,2024-08-10
910,10368,buyer,False,2024-06-21
911,10368,user,False,2024-10-13
912,10369,user,True,2024-04-26
913,10369,buyer,False,2024-12-21
914,10369,user,False,2024-07-24
915,10369,buyer,True,2025-07-06
916,10370,buyer,False,2025-09-11
917,10370,user,False,2024-11-11
918,10371,user,True,2025-05-04
919,10371,user,False,2024-04-15
920,10371,admin,False,2024-03-29
921,10371,buyer,True,2025-05-27
922,10372,executive,False,2025-03-27
923,10372,admin,False,2025-05-15
924,10372,user,True,2024-09-12
925,10373,admin,False,2024-09-29
926,10373,admin,False,2025-06-13
927,10373,user,True,2024-09-21
928,10374,admin,False,2025-01-08
929,10374,buyer,False,2024-04-18
930,10375,admin,True,2024-07-09
931,10375,buyer,False,2025-04-19
932,10376,executive,False,2024-12-17
933,10376,user,True,2024-01-15
934,10377,admin,False,2025-03-12
935,10377,admin,False,2024-04-25
936,10377,user,True,2025-01-08
937,10378,admin,False,2024-04-08
938,10378,buyer,False,2024-05-22
939,10378,user,True,2024-04-06
940,10378,user,False,2025-02-08
941,10379,buyer,False,2025-08-11
942,10379,user,True,2024-10-12
943,10379,buyer,False,2024-12-29
944,10380,admin,False,2025-08-12
945,10380,user,True,2024-02-02
946,10381,executive,False,2024-11-14
947,10381,buyer,False,2024-12-03
948,10381,user,True,2025-08-01
949,10382,user,False,2024-08-08
950,10382,admin,False,2025-05-14
951,10382,user,True,2024-08-18
952,10382,buyer,False,2025-07-16
953,10383,executive,False,2024-11-10
954,10383,user,True,2025-01-22
955,10383,buyer,False,2025-07-30
956,10384,admin,False,2025-10-09
957,10384,user,True,2025-06-07
958,10385,user,False,2024-12-01
959,10385,user,False,2025-08-13
960,10386,buyer,True,2025-02-11
961,10386,user,False,2024-04-03
962,10386,admin,False,2024-11-27
963,10386,user,True,2024-02-21
964,10387,user,False,2024-04-21
965,10387,buyer,False,2025-06-01
966,10387,user,True,2025-06-01
967,10387,buyer,False,2024-01-22
968,10388,admin,False,2024-11-04
969,10388,admin,True,2024-03-05
970,10388,buyer,False,2025-03-24
971,10389,admin,False,2024-09-27
972,10390,buyer,True,2024-12-15
973,10390,user,False,2025-04-11
974,10391,admin,False,2024-09-23
975,10391,admin,True,2025-08-13
976,10391,buyer,False,2024-05-29
977,10392,user,False,2025-02-18
978,10393,user,True,2024-07-24
979,10393,user,False,2024-09-14
980,10394,admin,False,2024-06-10
981,10395,user,True,2024-09-19
982,10395,buyer,False,2025-07-28
983,10395,user,False,2025-09-17
984,10395,executive,True,2024-06-13
985,10396,user,False,2024-03-24
986,10396,user,False,2024-12-27
987,10397,user,True,2025-10-02
988,10397,user,False,2024-04-29
989,10397,admin,False,2025-04-16
990,10398,user,True,2025-03-30
991,10398,executive,False,2025-09-22
992,10398,admin,False,2025-06-08
993,10398,admin,True,2024-04-18
994,10399,user,False,2024-06-02
995,10400,user,False,2025-10-08
996,10401,user,True,2025-08-09
997,10401,user,False,2024-06-30
998,10401,admin,False,2024-03-04
999,10402,admin,True,2025-08-04
1000,10402,admin,False,2024-03-07
1001,10402,user,False,2025-07-04
1002,10402,user,True,2024-03-09
1003,10403,user,False,2025-04-30
1004,10404,admin,False,2024-05-03
1005,10405,admin,True,2024-10-18
1006,10405,user,False,2024-06-04
1007,10405,buyer,False,2024-08-19
1008,10406,user,True,2024-03-14
1009,10406,admin,False,2024-02-23
1010,10407,admin,False,2024-05-04
1011,10407,user,True,2025-09-26
1012,10407,admin,False,2024-07-18
1013,10408,buyer,False,2024-11-20
1014,10409,admin,True,2025-01-03
1015,10410,user,False,2025-07-31
1016,10410,user,False,2024-04-24
1017,10410,admin,True,2025-04-29
1018,10410,admin,False,2025-09-26
1019,10411,user,False,2025-04-21
1020,10411,admin,True,2024-12-28
1021,10412,buyer,False,2025-06-08
1022,10413,user,False,2025-02-10
1023,10413,user,True,2025-03-01
1024,10413,user,False,2024-03-28
1025,10413,user,False,2024-11-05
1026,10414,admin,True,2025-04-11
1027,10414,user,False,2024-07-21
1028,10414,admin,False,2024-01-14
1029,10415,buyer,True,2025-06-04
1030,10415,admin,False,2024-04-09
1031,10415,user,False,2024-05-01
1032,10416,admin,True,2025-07-04
1033,10417,user,False,2024-01-20
1034,10417,executive,False,2025-08-25
1035,10417,executive,True,2024-06-30
1036,10417,user,False,2024-10-09
1037,10418,user,False,2025-08-26
1038,10418,user,True,2025-03-21
1039,10419,user,False,2024-10-01
1040,10419,user,False,2024-01-18
1041,10420,executive,True,2024-11-02
1042,10420,user,False,2024-11-07
1043,10420,user,False,2024-03-01
1044,10420,admin,True,2024-05-17
1045,10421,user,False,2024-09-20
1046,10421,buyer,False,2025-01-16
1047,10421,admin,True,2025-03-31
1048,10422,user,False,2024-08-18
1049,10422,admin,False,2024-01-27
1050,10422,admin,True,2025-08-05
1051,10422,executive,False,2025-10-10
1052,10423,executive,False,2025-08-09
1053,10424,admin,True,2024-06-17
1054,10424,admin,False,2024-02-12
1055,10424,user,False,2024-12-02
1056,10425,buyer,True,2024-05-14
1057,10425,user,False,2024-10-16
1058,10425,user,False,2024-07-13
1059,10425,user,True,2025-03-23
1060,10426,executive,False,2025-04-09
1061,10426,buyer,False,2025-04-17
1062,10427,admin,True,2024-09-11
1063,10428,buyer,False,2025-05-16
1064,10428,user,False,2025-09-02
1065,10428,user,True,2025-07-25
1066,10429,admin,False,2025-05-24
1067,10429,admin,False,2025-06-16
1068,10429,user,True,2024-10-15
1069,10429,user,False,2025-08-30
1070,10430,buyer,False,2025-07-08
1071,10431,user,True,2025-06-19
1072,10431,user,False,2025-03-18
1073,10431,admin,False,2024-02-08
1074,10432,admin,True,2024-12-24
1075,10432,user,False,2024-09-02
1076,10432,executive,False,2025-06-30
1077,10432,admin,True,2025-02-24
1078,10433,admin,False,2025-07-23
1079,10433,user,False,2024-11-04
1080,10433,admin,True,2024-06-17
1081,10433,admin,False,2024-01-12
1082,10434,user,False,2024-11-28
1083,10434,admin,True,2024-01-12
1084,10434,user,False,2024-03-21
1085,10434,admin,False,2024-12-15
1086,10435,executive,True,2025-10-06
1087,10435,user,False,2025-05-12
1088,10435,user,False,2024-10-15
1089,10436,admin,True,2025-10-11
1090,10436,user,False,2024-02-14
1091,10436,admin,False,2024-11-16
1092,10436,user,True,2025-08-03
1093,10437,buyer,False,2025-09-10
1094,10437,user,False,2025-02-11
1095,10437,admin,True,2025-04-27
1096,10437,user,False,2025-08-27
1097,10438,executive,False,2025-10-08
1098,10438,admin,True,2025-04-29
1099,10438,user,False,2025-05-22
1100,10439,admin,False,2025-04-10
1101,10439,buyer,True,2024-10-07
1102,10439,admin,False,2024-09-20
1103,10440,admin,False,2025-09-03
1104,10440,admin,True,2025-01-18
1105,10440,user,False,2025-04-19
1106,10441,user,False,2024-05-27
1107,10442,user,True,2025-05-19
1108,10443,admin,False,2024-05-21
1109,10443,user,False,2024-11-02
1110,10444,buyer,True,2025-08-17
1111,10444,admin,False,2025-06-19
1112,10444,user,False,2025-04-13
1113,10445,user,True,2024-05-10
1114,10445,user,False,2024-06-10
1115,10445,buyer,False,2025-02-28
1116,10446,admin,True,2024-10-12
1117,10446,user,False,2024-08-04
1118,10446,user,False,2024-04-12
1119,10447,user,True,2025-06-02
1120,10447,admin,False,2025-01-23
1121,10447,user,False,2024-06-26
1122,10448,executive,True,2025-01-22
1123,10448,buyer,False,2024-08-29
1124,10448,admin,False,2025-07-22
1125,10448,buyer,True,2025-02-24
1126,10449,user,False,2024-05-27
1127,10450,admin,False,2025-09-04
1128,10451,user,True,2025-09-02
1129,10451,admin,False,2024-01-10
1130,10451,user,False,2024-07-05
1131,10451,admin,True,2024-07-17
1132,10452,admin,False,2025-02-02
1133,10452,user,False,2024-06-14
1134,10452,admin,True,2024-09-03
1135,10453,admin,False,2024-03-30
1136,10453,admin,False,2025-09-17
1137,10453,executive,True,2024-07-19
1138,10454,buyer,False,2025-06-24
1139,10454,user,False,2024-01-04
1140,10454,user,True,2025-01-03
1141,10454,admin,False,2024-07-20
1142,10455,buyer,False,2024-10-24
1143,10455,buyer,True,2024-01-27
1144,10456,executive,False,2025-07-24
1145,10457,buyer,False,2024-03-12
1146,10457,buyer,True,2024-11-17
1147,10457,user,False,2024-11-14
1148,10458,user,False,2024-01-14
1149,10458,executive,True,2025-01-28
1150,10458,user,False,2025-02-28
1151,10459,buyer,False,2024-12-09
1152,10459,admin,True,2025-03-12
1153,10460,admin,False,2025-04-03
1154,10460,buyer,False,2025-06-19
1155,10460,buyer,True,2024-08-20
1156,10461,executive,False,2025-03-09
1157,10461,admin,False,2024-04-23
1158,10462,user,True,2024-04-17
1159,10462,executive,False,2025-08-05
1160,10462,executive,False,2024-06-02
1161,10463,user,True,2024-06-30
1162,10463,admin,False,2025-09-01
1163,10463,user,False,2024-11-18
1164,10463,user,True,2025-08-07
1165,10464,user,False,2024-10-02
1166,10465,buyer,False,2025-07-28
1167,10465,user,True,2025-02-17
1168,10465,admin,False,2024-09-16
1169,10465,buyer,False,2025-07-15
1170,10466,admin,True,2025-05-19
1171,10466,buyer,False,2025-05-12
1172,10467,user,False,2025-07-17
1173,10467,executive,True,2025-07-06
1174,10467,admin,False,2024-01-04
1175,10468,buyer,False,2025-10-09
1176,10468,user,True,2024-11-07
1177,10469,user,False,2025-07-10
1178,10470,buyer,False,2024-01-13
1179,10470,user,True,2025-05-26
1180,10471,admin,False,2024-10-25
1181,10471,buyer,False,2024-09-15
1182,10472,user,True,2024-05-02
1183,10472,buyer,False,2025-05-03
1184,10472,user,False,2025-01-17
1185,10472,user,True,2025-09-25
1186,10473,admin,False,2024-05-28
1187,10474,buyer,False,2025-07-16
1188,10474,user,True,2024-07-13
1189,10475,admin,False,2024-06-08
1190,10475,buyer,False,2025-09-15
1191,10475,user,True,2025-05-17
1192,10475,user,False,2024-01-20
1193,10476,user,False,2025-09-20
1194,10476,admin,True,2025-03-18
1195,10476,user,False,2025-03-14
1196,10477,buyer,False,2025-02-01
1197,10477,user,True,2025-03-01
1198,10477,user,False,2024-03-15
1199,10477,user,False,2024-02-28
1200,10478,admin,True,2025-07-16
1201,10478,buyer,False,2025-08-21
1202,10479,admin,False,2024-09-25
1203,10480,user,True,2024-04-03
1204,10480,admin,False,2024-08-19
1205,10480,executive,False,2024-05-13
1206,10480,user,True,2024-06-12
1207,10481,admin,False,2024-07-03
1208,10481,user,False,2024-06-01
1209,10482,user,True,2024-08-12
1210,10483,user,False,2025-07-14
1211,10483,user,False,2025-05-15
1212,10484,user,True,2024-01-16
1213,10484,executive,False,2025-10-10
1214,10485,admin,False,2025-07-23
1215,10486,admin,True,2025-01-01
1216,10486,user,False,2025-03-05
1217,10486,admin,False,2025-02-15
1218,10486,user,True,2024-12-25
1219,10487,user,False,2024-07-16
1220,10487,admin,False,2025-04-02
1221,10487,user,True,2024-08-24
1222,10488,user,False,2024-05-03
1223,10488,admin,False,2025-06-25
1224,10488,admin,True,2024-11-13
1225,10488,user,False,2025-03-06
1226,10489,user,False,2025-04-29
1227,10489,user,True,2025-09-29
1228,10489,user,False,2024-02-16
1229,10489,executive,False,2024-11-24
1230,10490,user,True,2025-02-22
1231,10491,user,False,2024-06-02
1232,10491,user,False,2024-01-23
1233,10491,admin,True,2024-05-11
1234,10491,executive,False,2025-07-18
1235,10492,admin,False,2025-08-18
1236,10492,buyer,True,2024-08-03
1237,10493,executive,False,2025-02-09
1238,10493,executive,False,2024-08-26
1239,10494,user,True,2025-04-29
1240,10494,user,False,2024-07-28
1241,10494,admin,False,2025-04-11
1242,10495,executive,True,2024-04-09
1243,10496,buyer,False,2024-02-17
1244,10496,user,False,2025-03-14
1245,10496,buyer,True,2024-12-24
1246,10496,admin,False,2024-07-05
1247,10497,buyer,False,2024-12-23
1248,10497,user,True,2024-07-03
1249,10498,executive,False,2025-05-04
1250,10499,user,False,2024-11-25
1251,10499,user,True,2024-03-12
1252,10499,user,False,2025-07-19
1253,10500,admin,False,2024-04-25
1254,10500,admin,True,2024-06-21
